{"tx_hash": "0x0c907e50adf6c9528cfadc5a5733d5bf0887a91ede88eb2984d377d6e9920014", "string_length": 100, "confirmation_time": 9.38048267364502, "gas_used": 22600}
{"tx_hash": "0x11ec9d9de87b79db51f2aca4dbcf490c7d21a4dbfb6e43959bebccf2e9adb2d8", "string_length": 200, "confirmation_time": 11.798758029937744, "gas_used": 24200}
{"tx_hash": "0xcc66d6223c622d18e05fea3a411dec4b7afd63780b1ea1b6891eaa4ced7a2908", "string_length": 100, "confirmation_time": 14.513769388198853, "gas_used": 22600}
{"tx_hash": "0xc106eea99fc1e4d72576215a62850c0d1500c9d14f7e662e764bb92e2dbbaefd", "string_length": 200, "confirmation_time": 12.1829354763031, "gas_used": 24200}
{"tx_hash": "0xf8a479a0bbbac81d0a74033b6b7fbb600e75a7086c15142dde78dbd4cbbe6be5", "string_length": 300, "confirmation_time": 47.44548726081848, "gas_used": 25800}
{"tx_hash": "0xb0fe40ff2c7b1c133bb4577104509e9c792810672ad56de11c3b42a1eb4915fe", "string_length": 400, "confirmation_time": 10.697987794876099, "gas_used": 27400}
{"tx_hash": "0xb4afd6f238bac53dbebc5a38a38170c9eb2327bdfdd73b13941664766b3f9a7f", "string_length": 500, "confirmation_time": 11.327084302902222, "gas_used": 29000}
{"tx_hash": "0xd80c51f363d1f053d9cf05702c3a56886bfc0b0ca2112a9bade7f57156eaaf99", "string_length": 600, "confirmation_time": 11.338404893875122, "gas_used": 30600}
{"tx_hash": "0x1d05b058c6934fd56e51346541f5132d29e8885ff4660b72bb90f750a5b13ea1", "string_length": 700, "confirmation_time": 11.020572900772095, "gas_used": 32200}
{"tx_hash": "0xe6bdd1af3175ea7baf005e945f978df4c1f8f55257d30327f4d11f9196c5a198", "string_length": 800, "confirmation_time": 11.633086442947388, "gas_used": 33800}
{"tx_hash": "0x94ec0d73b40a8e2cf2eb53c8352f151310fe720616d6a4c00fce2eea0e20b36b", "string_length": 900, "confirmation_time": 12.558618307113647, "gas_used": 35400}
{"tx_hash": "0x4cbf3490fc030b2b345ae98ddf18e4361af162a6a79122c2e2dfe59380c9cc19", "string_length": 1000, "confirmation_time": 9.513667345046997, "gas_used": 37000}
{"tx_hash": "0xf72730bbb87695a6a1cfdebbe8f7212ec47088ac68f36ffa220f8eaee692e726", "string_length": 100, "confirmation_time": 10.035223484039307, "gas_used": 22600}
{"tx_hash": "0xa875f94954a3ddd0d0deaa4864b8b7716c08603100ba4d4d41fbd108be545d11", "string_length": 200, "confirmation_time": 10.900707721710205, "gas_used": 24200}
{"tx_hash": "0xd23c63905bf6a0de7ac5da63741839c856c2f7612adbb665fa393795e49790ff", "string_length": 300, "confirmation_time": 11.098591089248657, "gas_used": 25800}
{"tx_hash": "0x84c458b7fc95163940345f0253257b721730876232d7acb3bef4636468de6809", "string_length": 400, "confirmation_time": 11.732559204101562, "gas_used": 27400}
{"tx_hash": "0xdea88766ba2ef91323b807721c3a7c7a609ee2b40d7ab132feb0b690b90c0ac1", "string_length": 500, "confirmation_time": 10.992220878601074, "gas_used": 29000}
{"tx_hash": "0x0163eeab535cc7853677548418e3f3c5b46a35b00193c9118652bcc3c99621d7", "string_length": 600, "confirmation_time": 10.961719751358032, "gas_used": 30600}
{"tx_hash": "0x60e508c28ec36b11ad506d000897908738f3ea79b3b72f2bfcacbbdc1eb6622f", "string_length": 700, "confirmation_time": 11.53966474533081, "gas_used": 32200}
