{"tx_hash": "0x0c907e50adf6c9528cfadc5a5733d5bf0887a91ede88eb2984d377d6e9920014", "string_length": 100, "confirmation_time": 9.38048267364502, "gas_used": 22600}
{"tx_hash": "0x11ec9d9de87b79db51f2aca4dbcf490c7d21a4dbfb6e43959bebccf2e9adb2d8", "string_length": 200, "confirmation_time": 11.798758029937744, "gas_used": 24200}
{"tx_hash": "0xcc66d6223c622d18e05fea3a411dec4b7afd63780b1ea1b6891eaa4ced7a2908", "string_length": 100, "confirmation_time": 14.513769388198853, "gas_used": 22600}
{"tx_hash": "0xc106eea99fc1e4d72576215a62850c0d1500c9d14f7e662e764bb92e2dbbaefd", "string_length": 200, "confirmation_time": 12.1829354763031, "gas_used": 24200}
{"tx_hash": "0xf8a479a0bbbac81d0a74033b6b7fbb600e75a7086c15142dde78dbd4cbbe6be5", "string_length": 300, "confirmation_time": 47.44548726081848, "gas_used": 25800}
{"tx_hash": "0xb0fe40ff2c7b1c133bb4577104509e9c792810672ad56de11c3b42a1eb4915fe", "string_length": 400, "confirmation_time": 10.697987794876099, "gas_used": 27400}
{"tx_hash": "0xb4afd6f238bac53dbebc5a38a38170c9eb2327bdfdd73b13941664766b3f9a7f", "string_length": 500, "confirmation_time": 11.327084302902222, "gas_used": 29000}
{"tx_hash": "0xd80c51f363d1f053d9cf05702c3a56886bfc0b0ca2112a9bade7f57156eaaf99", "string_length": 600, "confirmation_time": 11.338404893875122, "gas_used": 30600}
{"tx_hash": "0x1d05b058c6934fd56e51346541f5132d29e8885ff4660b72bb90f750a5b13ea1", "string_length": 700, "confirmation_time": 11.020572900772095, "gas_used": 32200}
{"tx_hash": "0xe6bdd1af3175ea7baf005e945f978df4c1f8f55257d30327f4d11f9196c5a198", "string_length": 800, "confirmation_time": 11.633086442947388, "gas_used": 33800}
{"tx_hash": "0x94ec0d73b40a8e2cf2eb53c8352f151310fe720616d6a4c00fce2eea0e20b36b", "string_length": 900, "confirmation_time": 12.558618307113647, "gas_used": 35400}
{"tx_hash": "0x4cbf3490fc030b2b345ae98ddf18e4361af162a6a79122c2e2dfe59380c9cc19", "string_length": 1000, "confirmation_time": 9.513667345046997, "gas_used": 37000}
{"tx_hash": "0xf72730bbb87695a6a1cfdebbe8f7212ec47088ac68f36ffa220f8eaee692e726", "string_length": 100, "confirmation_time": 10.035223484039307, "gas_used": 22600}
{"tx_hash": "0xa875f94954a3ddd0d0deaa4864b8b7716c08603100ba4d4d41fbd108be545d11", "string_length": 200, "confirmation_time": 10.900707721710205, "gas_used": 24200}
{"tx_hash": "0xd23c63905bf6a0de7ac5da63741839c856c2f7612adbb665fa393795e49790ff", "string_length": 300, "confirmation_time": 11.098591089248657, "gas_used": 25800}
{"tx_hash": "0x84c458b7fc95163940345f0253257b721730876232d7acb3bef4636468de6809", "string_length": 400, "confirmation_time": 11.732559204101562, "gas_used": 27400}
{"tx_hash": "0xdea88766ba2ef91323b807721c3a7c7a609ee2b40d7ab132feb0b690b90c0ac1", "string_length": 500, "confirmation_time": 10.992220878601074, "gas_used": 29000}
{"tx_hash": "0x0163eeab535cc7853677548418e3f3c5b46a35b00193c9118652bcc3c99621d7", "string_length": 600, "confirmation_time": 10.961719751358032, "gas_used": 30600}
{"tx_hash": "0x60e508c28ec36b11ad506d000897908738f3ea79b3b72f2bfcacbbdc1eb6622f", "string_length": 700, "confirmation_time": 11.53966474533081, "gas_used": 32200}
{"tx_hash": "0x6acda3ebe57d19e134acae1bf6a30c03dcb2fe40d7a066a6be2a92e9836b7f42", "string_length": 100, "confirmation_time": 10.07185173034668, "gas_used": 22600}
{"tx_hash": "0x4b8a060341c791fde909df34658a3570f162159252cfe91710300262adba2dab", "string_length": 200, "confirmation_time": 12.282838582992554, "gas_used": 24200}
{"tx_hash": "0xfe5d0f87673c04276e3bd7ad6e9f451aa69772ee0e1356a0f67d65e1c5a8d82a", "string_length": 300, "confirmation_time": 10.566016674041748, "gas_used": 25800}
{"tx_hash": "0x4bd686f16be836a3f3e5252bda7c96a11ceec84357da87293cf9f526caa2d31a", "string_length": 400, "confirmation_time": 11.39630389213562, "gas_used": 27400}
{"tx_hash": "0xcf8dfd177ca77e33448154031f0f59afe04903de5ba4712b7429afe2baafc412", "string_length": 500, "confirmation_time": 11.555360794067383, "gas_used": 29000}
{"tx_hash": "0xa4948879ae9e3e6bcb7bbabe267dd2100d42672b7c58526352f99e64ca016969", "string_length": 600, "confirmation_time": 11.418716430664062, "gas_used": 30600}
{"tx_hash": "0xcb05c4d1e2aeb8d29513236e82eda7fcbdb239e5c341d77539fa9cb90aad428b", "string_length": 700, "confirmation_time": 10.979453325271606, "gas_used": 32200}
{"tx_hash": "0x9d9b67138da08bb2f82841f960a2540295ee3c1889a1aa7dda83b4319f1da756", "string_length": 800, "confirmation_time": 11.50074577331543, "gas_used": 33800}
{"tx_hash": "0x9bb2cbf84425fa0fd0221005ed0d566ca7bbe60c8e37cf16c92bb76035f701cf", "string_length": 900, "confirmation_time": 22.982796669006348, "gas_used": 35400}
{"tx_hash": "0x5f78c4da58da43dd2edf9afc8219fe56968403c6c3ad81abc5be40c568afeafe", "string_length": 1000, "confirmation_time": 11.041974544525146, "gas_used": 37000}
{"tx_hash": "0xbf8e092cf89c0a8a01ddaa16143bbf016f9eba1deacb4198b0b273bfd2c1d9cd", "string_length": 100, "confirmation_time": 42.185073375701904, "gas_used": 22600}
{"tx_hash": "0x6ece02d79e2cc927a8957079b48e7092187045fe03cefdaf8402f08156ad5695", "string_length": 200, "confirmation_time": 11.121470928192139, "gas_used": 24200}
{"tx_hash": "0x9e3bc0106b92e3bdcc7b757d60f6676423f0b5b404d87d763b177d9a43213df4", "string_length": 300, "confirmation_time": 10.998862504959106, "gas_used": 25800}
{"tx_hash": "0x28306d741ccd4c80713b6dc790d4231ef7bf07bd63e0871a332ade27f891b596", "string_length": 400, "confirmation_time": 23.803141593933105, "gas_used": 27400}
{"tx_hash": "0xcc3d083651bd574235bef60ac3a83c663b86d6abf9dd7465df0b5d3418651d08", "string_length": 500, "confirmation_time": 23.202636003494263, "gas_used": 29000}
{"tx_hash": "0x76b0f29d27098adcdba9c0e6ded5797bcfa9cf5f626317a77b88a35d2075bfdd", "string_length": 600, "confirmation_time": 23.19391632080078, "gas_used": 30600}
{"tx_hash": "0xe735c1bf48fccd5943a46e9d41bd793aad6a49cb8f2e0cd018ca0a7f5b92535a", "string_length": 700, "confirmation_time": 11.103631973266602, "gas_used": 32200}
{"tx_hash": "0x6d2b54533f07d497397d4593eb73a32e85c44e1f2d999de179c3e01b5fea723a", "string_length": 800, "confirmation_time": 13.026774406433105, "gas_used": 33800}
{"tx_hash": "0xee4acef85d91ba1b8c867f122a0b60be8a2687abf90065384471f36e50cc5880", "string_length": 900, "confirmation_time": 21.61646819114685, "gas_used": 35400}
{"tx_hash": "0x77c027a68a9d3531554ba50070643278d88933913fbdc085bd2f167b4988564e", "string_length": 1000, "confirmation_time": 11.088594436645508, "gas_used": 37000}
{"tx_hash": "0xdc8e413f65ad4b371d60ae240bb2bc8162ec09d240c3650b907cb970ea79d23c", "string_length": 500, "confirmation_time": 13.196887731552124, "gas_used": 29000}
{"tx_hash": "0xa300690684f4ba3f4d66e58457562d781c9afa206926b16b757bc29cc8e1a999", "string_length": 600, "confirmation_time": 11.302789449691772, "gas_used": 30600}
{"tx_hash": "0x41f90cce5c5c3a25942248761985b40477d7f49651fb7841adba79ef341e2af5", "string_length": 700, "confirmation_time": 12.347524642944336, "gas_used": 32200}
{"tx_hash": "0x14ff4d922de6b3895090e14f5e88a3c5fd66f4ac6b7a19a3ed946e9fa2bceafe", "string_length": 800, "confirmation_time": 11.340078115463257, "gas_used": 33800}
{"tx_hash": "0x20e163e1abf72f4fd2d3eca61befafa08ead8dd38d01e643aab34788e373350d", "string_length": 900, "confirmation_time": 33.665146350860596, "gas_used": 35400}
{"tx_hash": "0x53d8c5b9ed61a4f8cff37d74cc20246155cca4fb44205054d5d9852890b9e7ba", "string_length": 1000, "confirmation_time": 23.445972204208374, "gas_used": 37000}
